use EducationManagementSystem;

insert into User(id, username, password, usertype) values (1, 'admin', '$2a$10$aUR7TkpxDT0yjgmw0QvlSONlD.uF2ts/qTIy0h7R/puw5Ewl5rYbS', '管理员');
insert into User(id, username, password, usertype) values (2, 'JAM', '$2a$10$6MkhbcUiWO4Z/PsL3RodKuF8aGXHJzajqicC7iyHQBQISxcnpP6s.', '管理员');
insert into User(id, username, password, usertype, affiliate_id) values (3, 'lisi', '$2a$10$MAJfnG8P9yJZc7MXL8d90eDHf9UVOJAxbc4gG5CTnmsSA5fg/0jaK', '教师', '50001');
insert into User(id, username, password, usertype, affiliate_id) values (4, 'zs', '$2a$10$fwnXwjm5MAIy.dosXc8cbe6XBpTwjXFaCy84JtE.26V033hCCRga6', '学生', '10001');
insert into User(id, username, password, usertype) values (5, '世界上最可爱的芒宝qvq', '$2a$10$seAyWfNqBMP40MLPLPm4UuFc0BwelqmsNqrumQMjrAP95zBg3rUmK', '管理员');
insert into User(id, username, password, usertype) values (6, 'QAQ', '$2a$10$VKmIASikfLLPHwYF45uLnOn7SfNqNv5Yx4J6klCSsSd8E21ttQrI.', '管理员');


insert into Faculty(faculty_id, faculty_name, faculty_address) values (1, '管理学院', '北京校区');
insert into Faculty(faculty_id, faculty_name, faculty_address) values (2, '外国语学院', '上海校区');
insert into Faculty(faculty_id, faculty_name, faculty_address) values (3, '计算机学院', '广州校区');
insert into Faculty(faculty_id, faculty_name, faculty_address) values (4, '物理学院', '北京校区');
insert into Faculty(faculty_id, faculty_name, faculty_address) values (5, '材料学院', '上海校区');
insert into Faculty(faculty_id, faculty_name, faculty_address) values (6, '生物学院', '广州校区');
insert into Faculty(faculty_id, faculty_name, faculty_address) values (7, '历史学院', '北京校区');
insert into Faculty(faculty_id, faculty_name, faculty_address) values (8, '人文学院', '上海校区');
insert into Faculty(faculty_id, faculty_name, faculty_address) values (9, '地理学院', '广州校区');
insert into Faculty(faculty_id, faculty_name, faculty_address) values (10, '音乐学院', '北京校区');
insert into Faculty(faculty_id, faculty_name, faculty_address) values (11, '数学与统计学院', '广州校区');


insert into Taro(taro_id, taro_name, affiliate_faculty_id) values (1, '1号教研室', 1);
insert into Taro(taro_id, taro_name, affiliate_faculty_id) values (2, '2号教研室', 1);
insert into Taro(taro_id, taro_name, affiliate_faculty_id) values (3, '3号教研室', 2);
insert into Taro(taro_id, taro_name, affiliate_faculty_id) values (4, '4号教研室', 2);
insert into Taro(taro_id, taro_name, affiliate_faculty_id) values (5, '5号教研室', 3);
insert into Taro(taro_id, taro_name, affiliate_faculty_id) values (6, '6号教研室', 3);
insert into Taro(taro_id, taro_name, affiliate_faculty_id) values (7, '7号教研室', 4);
insert into Taro(taro_id, taro_name, affiliate_faculty_id) values (8, '8号教研室', 4);
insert into Taro(taro_id, taro_name, affiliate_faculty_id) values (9, '9号教研室', 5);
insert into Taro(taro_id, taro_name, affiliate_faculty_id) values (10, '10号教研室', 5);
insert into Taro(taro_id, taro_name, affiliate_faculty_id) values (11, '11号教研室', 6);
insert into Taro(taro_id, taro_name, affiliate_faculty_id) values (12, '12号教研室', 6);
insert into Taro(taro_id, taro_name, affiliate_faculty_id) values (13, '13号教研室', 7);
insert into Taro(taro_id, taro_name, affiliate_faculty_id) values (14, '14号教研室', 7);
insert into Taro(taro_id, taro_name, affiliate_faculty_id) values (15, '15号教研室', 8);
insert into Taro(taro_id, taro_name, affiliate_faculty_id) values (16, '16号教研室', 8);
insert into Taro(taro_id, taro_name, affiliate_faculty_id) values (17, '17号教研室', 9);
insert into Taro(taro_id, taro_name, affiliate_faculty_id) values (18, '18号教研室', 9);
insert into Taro(taro_id, taro_name, affiliate_faculty_id) values (19, '19号教研室', 10);
insert into Taro(taro_id, taro_name, affiliate_faculty_id) values (20, '20号教研室', 10);
insert into Taro(taro_id, taro_name, affiliate_faculty_id) values (21, '21号教研室', 11);


insert into Teacher(teacher_id, teacher_name, teacher_gender, teacher_age, teacher_phone, teacher_title, teacher_degree, teacher_birthdate, affiliate_taro_id) values ('50001', '李思', '男', 40, '13800138000', '教授', '博士', '1983-04-20', 1);
insert into Teacher(teacher_id, teacher_name, teacher_gender, teacher_age, teacher_phone, teacher_title, teacher_degree, teacher_birthdate, affiliate_taro_id) values ('50002', '赵静', '女', 38, '13800138001', '副教授', '博士', '1985-06-15', 2);
insert into Teacher(teacher_id, teacher_name, teacher_gender, teacher_age, teacher_phone, teacher_title, teacher_degree, teacher_birthdate, affiliate_taro_id) values ('50003', '王磊', '男', 35, '13800138002', '讲师', '硕士', '1988-09-08', 3);
insert into Teacher(teacher_id, teacher_name, teacher_gender, teacher_age, teacher_phone, teacher_title, teacher_degree, teacher_birthdate, affiliate_taro_id) values ('50004', '孙艳', '女', 34, '13800138003', '副教授', '硕士', '1989-11-30', 4);
insert into Teacher(teacher_id, teacher_name, teacher_gender, teacher_age, teacher_phone, teacher_title, teacher_degree, teacher_birthdate, affiliate_taro_id) values ('50005', '周涛', '男', 33, '13800138004', '讲师', '本科', '1990-03-12', 5);
insert into Teacher(teacher_id, teacher_name, teacher_gender, teacher_age, teacher_phone, teacher_title, teacher_degree, teacher_birthdate, affiliate_taro_id) values ('50006', '吴敏', '女', 32, '13800138005', '副教授', '博士', '1991-07-25', 6);
insert into Teacher(teacher_id, teacher_name, teacher_gender, teacher_age, teacher_phone, teacher_title, teacher_degree, teacher_birthdate, affiliate_taro_id) values ('50007', '郑华', '男', 31, '13800138006', '讲师', '硕士', '1992-02-18', 7);
insert into Teacher(teacher_id, teacher_name, teacher_gender, teacher_age, teacher_phone, teacher_title, teacher_degree, teacher_birthdate, affiliate_taro_id) values ('50008', '冯丽', '女', 30, '13800138007', '讲师', '本科', '1993-05-03', 8);
insert into Teacher(teacher_id, teacher_name, teacher_gender, teacher_age, teacher_phone, teacher_title, teacher_degree, teacher_birthdate, affiliate_taro_id) values ('50009', '陈浩', '男', 29, '13800138008', '副教授', '硕士', '1994-08-16', 9);
insert into Teacher(teacher_id, teacher_name, teacher_gender, teacher_age, teacher_phone, teacher_title, teacher_degree, teacher_birthdate, affiliate_taro_id) values ('50010', '楚天', '女', 28, '13800138009', '讲师', '本科', '1995-12-29', 10);
insert into Teacher(teacher_id, teacher_name, teacher_gender, teacher_age, teacher_phone, teacher_title, teacher_degree, teacher_birthdate, affiliate_taro_id) values ('50011', '卫平', '男', 27, '13800138010', '副教授', '博士', '1996-04-10', 11);
insert into Teacher(teacher_id, teacher_name, teacher_gender, teacher_age, teacher_phone, teacher_title, teacher_degree, teacher_birthdate, affiliate_taro_id) values ('50012', '蒋芳', '女', 26, '13800138011', '讲师', '硕士', '1997-06-23', 12);
insert into Teacher(teacher_id, teacher_name, teacher_gender, teacher_age, teacher_phone, teacher_title, teacher_degree, teacher_birthdate, affiliate_taro_id) values ('50013', '沈涛', '男', 25, '13800138012', '讲师', '本科', '1998-09-05', 13);
insert into Teacher(teacher_id, teacher_name, teacher_gender, teacher_age, teacher_phone, teacher_title, teacher_degree, teacher_birthdate, affiliate_taro_id) values ('50014', '张三', '男', 30, '12345678039', '教授', '博士', '1990-01-01', 14);
insert into Teacher(teacher_id, teacher_name, teacher_gender, teacher_age, teacher_phone, teacher_title, teacher_degree, teacher_birthdate, affiliate_taro_id) values ('50015', '杨军', '男', 23, '13800138013', '讲师', '硕士', '1999-11-17', 15);
insert into Teacher(teacher_id, teacher_name, teacher_gender, teacher_age, teacher_phone, teacher_title, teacher_degree, teacher_birthdate, affiliate_taro_id) values ('50016', '陆薇', '女', 22, '13800138014', '助教', '本科', '2000-01-29', 16);
insert into Teacher(teacher_id, teacher_name, teacher_gender, teacher_age, teacher_phone, teacher_title, teacher_degree, teacher_birthdate, affiliate_taro_id) values ('50017', '苏强', '男', 41, '13800138015', '教授', '博士', '1982-03-14', 17);
insert into Teacher(teacher_id, teacher_name, teacher_gender, teacher_age, teacher_phone, teacher_title, teacher_degree, teacher_birthdate, affiliate_taro_id) values ('50018', '潘晓', '女', 39, '13800138016', '副教授', '博士', '1984-07-08', 18);
insert into Teacher(teacher_id, teacher_name, teacher_gender, teacher_age, teacher_phone, teacher_title, teacher_degree, teacher_birthdate, affiliate_taro_id) values ('50019', '魏东', '男', 38, '13800138017', '副教授', '硕士', '1985-09-21', 19);
insert into Teacher(teacher_id, teacher_name, teacher_gender, teacher_age, teacher_phone, teacher_title, teacher_degree, teacher_birthdate, affiliate_taro_id) values ('50020', '贾琳', '女', 37, '13800138018', '讲师', '博士', '1986-12-04', 20);
insert into Teacher(teacher_id, teacher_name, teacher_gender, teacher_age, teacher_phone, teacher_title, teacher_degree, teacher_birthdate, affiliate_taro_id) values ('50021', '赵峰', '男', 36, '13800138019', '讲师', '硕士', '1987-02-15', 21);
insert into Teacher(teacher_id, teacher_name, teacher_gender, teacher_age, teacher_phone, teacher_title, teacher_degree, teacher_birthdate, affiliate_taro_id) values ('50022', '林娜', '女', 35, '13800138020', '副教授', '硕士', '1988-05-28', 2);
insert into Teacher(teacher_id, teacher_name, teacher_gender, teacher_age, teacher_phone, teacher_title, teacher_degree, teacher_birthdate, affiliate_taro_id) values ('50023', '徐明', '男', 34, '13800138021', '讲师', '本科', '1989-08-11', 3);
insert into Teacher(teacher_id, teacher_name, teacher_gender, teacher_age, teacher_phone, teacher_title, teacher_degree, teacher_birthdate, affiliate_taro_id) values ('50024', '孙莉', '女', 33, '13800138022', '副教授', '博士', '1990-10-24', 4);
insert into Teacher(teacher_id, teacher_name, teacher_gender, teacher_age, teacher_phone, teacher_title, teacher_degree, teacher_birthdate, affiliate_taro_id) values ('50025', '陈雷', '男', 32, '13800138023', '讲师', '硕士', '1991-03-07', 5);
insert into Teacher(teacher_id, teacher_name, teacher_gender, teacher_age, teacher_phone, teacher_title, teacher_degree, teacher_birthdate, affiliate_taro_id) values ('50026', '郑红', '女', 31, '13800138024', '讲师', '本科', '1992-06-20', 6);
insert into Teacher(teacher_id, teacher_name, teacher_gender, teacher_age, teacher_phone, teacher_title, teacher_degree, teacher_birthdate, affiliate_taro_id) values ('50027', '高伟', '男', 30, '13800138025', '副教授', '硕士', '1993-09-03', 7);
insert into Teacher(teacher_id, teacher_name, teacher_gender, teacher_age, teacher_phone, teacher_title, teacher_degree, teacher_birthdate, affiliate_taro_id) values ('50028', '何静', '女', 29, '13800138026','副教授','博士','1994-03-16',8);
insert into Teacher(teacher_id, teacher_name, teacher_gender, teacher_age, teacher_phone, teacher_title, teacher_degree, teacher_birthdate, affiliate_taro_id) values ('50029', '江涛', '男', 28, '13800138027', '助教', '本科', '1995-03-29', 9);
insert into Teacher(teacher_id, teacher_name, teacher_gender, teacher_age, teacher_phone, teacher_title, teacher_degree, teacher_birthdate, affiliate_taro_id) values ('50030', '吕艳', '女', 27, '13800138028', '讲师', '硕士', '1996-06-12', 10);
insert into Teacher(teacher_id, teacher_name, teacher_gender, teacher_age, teacher_phone, teacher_title, teacher_degree, teacher_birthdate, affiliate_taro_id) values ('50031', '周峰', '男', 26, '13800138029', '讲师', '本科', '1997-09-25', 1);
insert into Teacher(teacher_id, teacher_name, teacher_gender, teacher_age, teacher_phone, teacher_title, teacher_degree, teacher_birthdate, affiliate_taro_id) values ('50032', '唐丽', '女', 25, '13800138030', '助教', '硕士', '1998-11-08', 12);
insert into Teacher(teacher_id, teacher_name, teacher_gender, teacher_age, teacher_phone, teacher_title, teacher_degree, teacher_birthdate, affiliate_taro_id) values ('50033', '毛强', '男', 24, '13800138031', '讲师', '本科', '1999-01-21', 13);
insert into Teacher(teacher_id, teacher_name, teacher_gender, teacher_age, teacher_phone, teacher_title, teacher_degree, teacher_birthdate, affiliate_taro_id) values ('50034', '程琳', '女', 23, '13800138032', '助教', '硕士', '2000-04-04', 14);
insert into Teacher(teacher_id, teacher_name, teacher_gender, teacher_age, teacher_phone, teacher_title, teacher_degree, teacher_birthdate, affiliate_taro_id) values ('50035', '宋波', '男', 22, '13800138033', '讲师', '本科', '2001-07-17', 15);
insert into Teacher(teacher_id, teacher_name, teacher_gender, teacher_age, teacher_phone, teacher_title, teacher_degree, teacher_birthdate, affiliate_taro_id) values ('50036', '邓芳', '女', 21, '13800138034', '助教', '硕士', '2002-10-30', 16);
insert into Teacher(teacher_id, teacher_name, teacher_gender, teacher_age, teacher_phone, teacher_title, teacher_degree, teacher_birthdate, affiliate_taro_id) values ('50037', '赵勇', '男', 40, '13800138035', '教授', '博士', '1983-12-13', 17);
insert into Teacher(teacher_id, teacher_name, teacher_gender, teacher_age, teacher_phone, teacher_title, teacher_degree, teacher_birthdate, affiliate_taro_id) values ('50038', '冯娟', '女', 39, '13800138036', '副教授', '博士', '1984-02-26', 18);
insert into Teacher(teacher_id, teacher_name, teacher_gender, teacher_age, teacher_phone, teacher_title, teacher_degree, teacher_birthdate, affiliate_taro_id) values ('50039', '吴刚', '男', 38, '13800138037', '副教授', '硕士', '1985-05-09', 19);
insert into Teacher(teacher_id, teacher_name, teacher_gender, teacher_age, teacher_phone, teacher_title, teacher_degree, teacher_birthdate, affiliate_taro_id) values ('50040', '陆燕', '女', 37, '13800138038', '讲师', '博士', '1986-08-22', 20);


insert into Course(course_id, course_name, course_credit, course_time, course_room, affiliate_taro_id) values (1, '高等数学', 4, 64, '101', 1);
insert into Course(course_id, course_name, course_credit, course_time, course_room, affiliate_taro_id) values (2, '线性代数', 3, 64, '102', 1);
insert into Course(course_id, course_name, course_credit, course_time, course_room, affiliate_taro_id) values (3, '概率论', 5, 64, '103', 1);
insert into Course(course_id, course_name, course_credit, course_time, course_room, affiliate_taro_id) values (4, '大学英语', 4, 64, '104', 2);
insert into Course(course_id, course_name, course_credit, course_time, course_room, affiliate_taro_id) values (5, '英语口语', 3, 64, '105', 2);
insert into Course(course_id, course_name, course_credit, course_time, course_room, affiliate_taro_id) values (6, '英语写作', 5, 64, '106', 2);
insert into Course(course_id, course_name, course_credit, course_time, course_room, affiliate_taro_id) values (7, '计算机基础', 4, 64, '107', 3);
insert into Course(course_id, course_name, course_credit, course_time, course_room, affiliate_taro_id) values (8, '数据结构', 3, 64, '108', 3);
insert into Course(course_id, course_name, course_credit, course_time, course_room, affiliate_taro_id) values (9, '操作系统', 5, 64, '109', 3);
insert into Course(course_id, course_name, course_credit, course_time, course_room, affiliate_taro_id) values (10, '大学物理', 4, 64, '110', 4);
insert into Course(course_id, course_name, course_credit, course_time, course_room, affiliate_taro_id) values (11, '物理实验', 3, 64, '111', 4);
insert into Course(course_id, course_name, course_credit, course_time, course_room, affiliate_taro_id) values (12, '量子力学', 5, 64, '112', 4);
insert into Course(course_id, course_name, course_credit, course_time, course_room, affiliate_taro_id) values (13, '无机化学', 4, 64, '113', 5);
insert into Course(course_id, course_name, course_credit, course_time, course_room, affiliate_taro_id) values (14, '有机化学', 3, 64, '114', 5);
insert into Course(course_id, course_name, course_credit, course_time, course_room, affiliate_taro_id) values (15, '分析化学', 5, 64, '115', 5);
insert into Course(course_id, course_name, course_credit, course_time, course_room, affiliate_taro_id) values (16, '生物化学', 4, 64, '116', 6);
insert into Course(course_id, course_name, course_credit, course_time, course_room, affiliate_taro_id) values (17, '细胞生物学', 3, 64, '117', 6);
insert into Course(course_id, course_name, course_credit, course_time, course_room, affiliate_taro_id) values (18, '分子生物学', 5, 64, '118', 6);
insert into Course(course_id, course_name, course_credit, course_time, course_room, affiliate_taro_id) values (19, '中国历史', 4, 64, '119', 7);
insert into Course(course_id, course_name, course_credit, course_time, course_room, affiliate_taro_id) values (20, '世界历史', 3, 64, '120', 7);
insert into Course(course_id, course_name, course_credit, course_time, course_room, affiliate_taro_id) values (21, '历史研究方法', 5, 64, '121', 7);
insert into Course(course_id, course_name, course_credit, course_time, course_room, affiliate_taro_id) values (22, '政治学原理', 4, 64, '122', 8);
insert into Course(course_id, course_name, course_credit, course_time, course_room, affiliate_taro_id) values (23, '比较政治学', 3, 64, '123', 8);
insert into Course(course_id, course_name, course_credit, course_time, course_room, affiliate_taro_id) values (24, '国际政治', 5, 64, '124', 8);
insert into Course(course_id, course_name, course_credit, course_time, course_room, affiliate_taro_id) values (25, '地理信息系统', 4, 64, '125', 9);
insert into Course(course_id, course_name, course_credit, course_time, course_room, affiliate_taro_id) values (26, '人文地理', 3, 64, '126', 9);
insert into Course(course_id, course_name, course_credit, course_time, course_room, affiliate_taro_id) values (27, '自然地理', 5, 64, '127', 9);
insert into Course(course_id, course_name, course_credit, course_time, course_room, affiliate_taro_id) values (28, '音乐理论', 4, 64, '128', 10);
insert into Course(course_id, course_name, course_credit, course_time, course_room, affiliate_taro_id) values (29, '声乐技巧', 3, 64, '129', 10);
insert into Course(course_id, course_name, course_credit, course_time, course_room, affiliate_taro_id) values (30, '器乐演奏', 5, 64, '130', 10);
insert into Course(course_id, course_name, course_credit, course_time, course_room, affiliate_taro_id) values (31, '数学分析', 0, 64, '131', 11);
insert into Course(course_id, course_name, course_credit, course_time, course_room, affiliate_taro_id) values (32, '高等代数', 0, 64, '132', 11);
insert into Course(course_id, course_name, course_credit, course_time, course_room, affiliate_taro_id) values (33, '数值分析', 0, 64, '133', 11);
insert into Course(course_id, course_name, course_credit, course_time, course_room, affiliate_taro_id) values (34, '复变函数论', 0, 64, '134', 12);
insert into Course(course_id, course_name, course_credit, course_time, course_room, affiliate_taro_id) values (35, '常微分方程', 0, 64, '135', 12);
insert into Course(course_id, course_name, course_credit, course_time, course_room, affiliate_taro_id) values (36, '解析几何', 0, 64, '136', 12);
insert into Course(course_id, course_name, course_credit, course_time, course_room, affiliate_taro_id) values (37, '离散数学及其应用', 0, 64, '137', 13);
insert into Course(course_id, course_name, course_credit, course_time, course_room, affiliate_taro_id) values (38, '概率论与数理统计', 0, 64, '138', 13);
insert into Course(course_id, course_name, course_credit, course_time, course_room, affiliate_taro_id) values (39, '计算智能', 0, 64, '139', 13);
insert into Course(course_id, course_name, course_credit, course_time, course_room, affiliate_taro_id) values (40, '数据库系统原理及应用教程', 0, 64, '140', 14);
insert into Course(course_id, course_name, course_credit, course_time, course_room, affiliate_taro_id) values (41, '运筹学教程', 0, 64, '141', 14);
insert into Course(course_id, course_name, course_credit, course_time, course_room, affiliate_taro_id) values (42, '计算机网络', 0, 64, '142', 14);
insert into Course(course_id, course_name, course_credit, course_time, course_room, affiliate_taro_id) values (43, '数学模型', 0, 64, '143', 15);
insert into Course(course_id, course_name, course_credit, course_time, course_room, affiliate_taro_id) values (44, 'C++语言程序设计', 0, 64, '144', 15);
insert into Course(course_id, course_name, course_credit, course_time, course_room, affiliate_taro_id) values (45, '数据结构', 0, 64, '145', 15);
insert into Course(course_id, course_name, course_credit, course_time, course_room, affiliate_taro_id) values (46, '经济学', 4, 64, '146', 16);
insert into Course(course_id, course_name, course_credit, course_time, course_room, affiliate_taro_id) values (47, '经济统计学', 3, 64, '147', 16);
insert into Course(course_id, course_name, course_credit, course_time, course_room, affiliate_taro_id) values (48, '国民经济管理', 5, 64, '148', 16);
insert into Course(course_id, course_name, course_credit, course_time, course_room, affiliate_taro_id) values (49, '资源与环境经济学', 4, 64, '149', 17);
insert into Course(course_id, course_name, course_credit, course_time, course_room, affiliate_taro_id) values (50, '商务经济学', 3, 64, '150', 17);
insert into Course(course_id, course_name, course_credit, course_time, course_room, affiliate_taro_id) values (51, '能源经济', 5, 64, '151', 17);
insert into Course(course_id, course_name, course_credit, course_time, course_room, affiliate_taro_id) values (52, '数字经济', 4, 64, '152', 18);
insert into Course(course_id, course_name, course_credit, course_time, course_room, affiliate_taro_id) values (53, '金融学', 3, 64, '153', 18);
insert into Course(course_id, course_name, course_credit, course_time, course_room, affiliate_taro_id) values (54, '金融工程', 5, 64, '154', 18);
insert into Course(course_id, course_name, course_credit, course_time, course_room, affiliate_taro_id) values (55, '保险学', 4, 64, '155', 19);
insert into Course(course_id, course_name, course_credit, course_time, course_room, affiliate_taro_id) values (56, '投资学', 3, 64, '156', 19);
insert into Course(course_id, course_name, course_credit, course_time, course_room, affiliate_taro_id) values (57, '信用管理', 5, 64, '157', 19);
insert into Course(course_id, course_name, course_credit, course_time, course_room, affiliate_taro_id) values (58, '经济与金融', 4, 64, '158', 20);
insert into Course(course_id, course_name, course_credit, course_time, course_room, affiliate_taro_id) values (59, '互联网金融', 3, 64, '159', 20);
insert into Course(course_id, course_name, course_credit, course_time, course_room, affiliate_taro_id) values (60, '监狱学', 5, 64, '160', 20);
insert into Course(course_id, course_name, course_credit, course_time, course_room, affiliate_taro_id) values (61, '司法警察学', 4, 64, '161', 21);
insert into Course(course_id, course_name, course_credit, course_time, course_room, affiliate_taro_id) values (62, '海外利益安全', 3, 64, '162', 21);
insert into Course(course_id, course_name, course_credit, course_time, course_room, affiliate_taro_id) values (63, '知识产权', 5, 64, '163', 21);



insert into Major(major_id, major_name, affiliate_faculty_id) values (1, '企业管理', 1);
insert into Major(major_id, major_name, affiliate_faculty_id) values (2, '英语语言文学', 2);
insert into Major(major_id, major_name, affiliate_faculty_id) values (3, '计算机科学与技术', 3);
insert into Major(major_id, major_name, affiliate_faculty_id) values (4, '物理学', 4);
insert into Major(major_id, major_name, affiliate_faculty_id) values (5, '材料科学与工程', 5);
insert into Major(major_id, major_name, affiliate_faculty_id) values (6, '生物科学', 6);
insert into Major(major_id, major_name, affiliate_faculty_id) values (7, '历史学', 7);
insert into Major(major_id, major_name, affiliate_faculty_id) values (8, '哲学', 8);
insert into Major(major_id, major_name, affiliate_faculty_id) values (9, '地理信息系统', 9);
insert into Major(major_id, major_name, affiliate_faculty_id) values (10, '音乐表演', 10);


insert into Class(class_id, class_name, affiliate_major_id) values (1, '企业管理1班', 1);
insert into Class(class_id, class_name, affiliate_major_id) values (2, '英语语言文学1班', 2);
insert into Class(class_id, class_name, affiliate_major_id) values (3, '计算机科学与技术1班', 3);
insert into Class(class_id, class_name, affiliate_major_id) values (4, '物理学1班', 4);
insert into Class(class_id, class_name, affiliate_major_id) values (5, '材料科学与工程1班', 5);
insert into Class(class_id, class_name, affiliate_major_id) values (6, '生物科学1班', 6);
insert into Class(class_id, class_name, affiliate_major_id) values (7, '历史学1班', 7);
insert into Class(class_id, class_name, affiliate_major_id) values (8, '哲学1班', 8);
insert into Class(class_id, class_name, affiliate_major_id) values (9, '地理信息系统1班', 9);
insert into Class(class_id, class_name, affiliate_major_id) values (10, '音乐表演1班', 10);


insert into Student(student_id, student_name, student_gender, student_age, student_phone, student_birthdate, affiliate_class_id) values ('10001', '张三', '男', 20, '111111111', '2002-01-01', 1);
insert into Student(student_id, student_name, student_gender, student_age, student_phone, student_birthdate, affiliate_class_id) values ('10002', '李四', '男', 20, '111111112', '2002-02-02', 1);
insert into Student(student_id, student_name, student_gender, student_age, student_phone, student_birthdate, affiliate_class_id) values ('10003', '王五', '女', 20, '111111113', '2002-03-03', 1);
insert into Student(student_id, student_name, student_gender, student_age, student_phone, student_birthdate, affiliate_class_id) values ('10004', '赵六', '女', 20, '111111114', '2002-04-04', 1);
insert into Student(student_id, student_name, student_gender, student_age, student_phone, student_birthdate, affiliate_class_id) values ('10005', '孙七', '男', 20, '111111115', '2002-05-05', 1);
insert into Student(student_id, student_name, student_gender, student_age, student_phone, student_birthdate, affiliate_class_id) values ('10006', '周八', '男', 20, '111111116', '2002-06-06', 1);
insert into Student(student_id, student_name, student_gender, student_age, student_phone, student_birthdate, affiliate_class_id) values ('10007', '吴九', '女', 20, '111111117', '2002-07-07', 1);
insert into Student(student_id, student_name, student_gender, student_age, student_phone, student_birthdate, affiliate_class_id) values ('10008', '郑十', '女', 20, '111111118', '2002-08-08', 1);
insert into Student(student_id, student_name, student_gender, student_age, student_phone, student_birthdate, affiliate_class_id) values ('10009', '陈十一', '男', 20, '111111119', '2002-09-09', 1);
insert into Student(student_id, student_name, student_gender, student_age, student_phone, student_birthdate, affiliate_class_id) values ('10010', '林十二', '女', 20, '111111120', '2002-10-10', 1);
insert into Student(student_id, student_name, student_gender, student_age, student_phone, student_birthdate, affiliate_class_id) values ('10011', '钱二十二', '男', 20, '111111121', '2002-11-11', 2);
insert into Student(student_id, student_name, student_gender, student_age, student_phone, student_birthdate, affiliate_class_id) values ('10012', '赵二十三', '女', 20, '111111122', '2002-12-12', 2);
insert into Student(student_id, student_name, student_gender, student_age, student_phone, student_birthdate, affiliate_class_id) values ('10013', '孙二十四', '男', 20, '111111123', '2003-01-13', 2);
insert into Student(student_id, student_name, student_gender, student_age, student_phone, student_birthdate, affiliate_class_id) values ('10014', '李二十五', '女', 20, '111111124', '2003-02-14', 2);
insert into Student(student_id, student_name, student_gender, student_age, student_phone, student_birthdate, affiliate_class_id) values ('10015', '周二十六', '男', 20, '111111125', '2003-03-15', 2);
insert into Student(student_id, student_name, student_gender, student_age, student_phone, student_birthdate, affiliate_class_id) values ('10016', '吴二十七', '女', 20, '111111126', '2003-04-16', 2);
insert into Student(student_id, student_name, student_gender, student_age, student_phone, student_birthdate, affiliate_class_id) values ('10017', '郑二十八', '男', 20, '111111127', '2003-05-17', 2);
insert into Student(student_id, student_name, student_gender, student_age, student_phone, student_birthdate, affiliate_class_id) values ('10018', '王二十九', '女', 20, '111111128', '2003-06-18', 2);
insert into Student(student_id, student_name, student_gender, student_age, student_phone, student_birthdate, affiliate_class_id) values ('10019', '冯三十', '男', 20, '111111129', '2003-07-19', 2);
insert into Student(student_id, student_name, student_gender, student_age, student_phone, student_birthdate, affiliate_class_id) values ('10020', '陈三十一', '女', 20, '111111130', '2003-08-20', 2);
insert into Student(student_id, student_name, student_gender, student_age, student_phone, student_birthdate, affiliate_class_id) values ('10021', '褚三十二', '男', 20, '111111131', '2002-09-21', 3);
insert into Student(student_id, student_name, student_gender, student_age, student_phone, student_birthdate, affiliate_class_id) values ('10022', '卫三十三', '女', 20, '111111132', '2002-10-22', 3);
insert into Student(student_id, student_name, student_gender, student_age, student_phone, student_birthdate, affiliate_class_id) values ('10023', '蒋三十四', '男', 20, '111111133', '2002-11-23', 3);
insert into Student(student_id, student_name, student_gender, student_age, student_phone, student_birthdate, affiliate_class_id) values ('10024', '沈三十五', '女', 20, '111111134', '2002-12-24', 3);
insert into Student(student_id, student_name, student_gender, student_age, student_phone, student_birthdate, affiliate_class_id) values ('10025', '韩三十六', '男', 20, '111111135', '2003-01-25', 3);
insert into Student(student_id, student_name, student_gender, student_age, student_phone, student_birthdate, affiliate_class_id) values ('10026', '尤三十七', '女', 20, '111111136', '2003-02-26', 3);
insert into Student(student_id, student_name, student_gender, student_age, student_phone, student_birthdate, affiliate_class_id) values ('10027', '许三十八', '男', 20, '111111137', '2003-03-27', 3);
insert into Student(student_id, student_name, student_gender, student_age, student_phone, student_birthdate, affiliate_class_id) values ('10028', '何三十九', '女', 20, '111111138', '2003-04-28', 3);
insert into Student(student_id, student_name, student_gender, student_age, student_phone, student_birthdate, affiliate_class_id) values ('10029', '吕四十', '男', 20, '111111139', '2003-05-29', 3);
insert into Student(student_id, student_name, student_gender, student_age, student_phone, student_birthdate, affiliate_class_id) values ('10030', '施四十一', '女', 20, '111111140', '2003-06-30', 3);
insert into Student(student_id, student_name, student_gender, student_age, student_phone, student_birthdate, affiliate_class_id) values ('10031', '张四十二', '男', 20, '111111141', '2003-07-31', 4);
insert into Student(student_id, student_name, student_gender, student_age, student_phone, student_birthdate, affiliate_class_id) values ('10032', '李四十三', '男', 20, '111111142', '2003-08-01', 4);
insert into Student(student_id, student_name, student_gender, student_age, student_phone, student_birthdate, affiliate_class_id) values ('10033', '赵四十四', '女', 20, '111111143', '2003-09-02', 4);
insert into Student(student_id, student_name, student_gender, student_age, student_phone, student_birthdate, affiliate_class_id) values ('10034', '刘四十五', '男', 20, '111111144', '2003-10-03', 4);
insert into Student(student_id, student_name, student_gender, student_age, student_phone, student_birthdate, affiliate_class_id) values ('10035', '陈四十六', '女', 20, '111111145', '2003-11-04', 4);
insert into Student(student_id, student_name, student_gender, student_age, student_phone, student_birthdate, affiliate_class_id) values ('10036', '杨四十七', '男', 20, '111111146', '2003-12-05', 4);
insert into Student(student_id, student_name, student_gender, student_age, student_phone, student_birthdate, affiliate_class_id) values ('10037', '黄四十八', '女', 20, '111111147', '2004-01-06', 4);
insert into Student(student_id, student_name, student_gender, student_age, student_phone, student_birthdate, affiliate_class_id) values ('10038', '周四十九', '男', 20, '111111148', '2004-02-07', 4);
insert into Student(student_id, student_name, student_gender, student_age, student_phone, student_birthdate, affiliate_class_id) values ('10039', '吴五十', '女', 20, '111111149', '2004-03-08', 4);
insert into Student(student_id, student_name, student_gender, student_age, student_phone, student_birthdate, affiliate_class_id) values ('10040', '郑五十一', '男', 20, '111111150', '2004-04-09', 4);
insert into Student(student_id, student_name, student_gender, student_age, student_phone, student_birthdate, affiliate_class_id) values ('10041', '王五十二', '女', 20, '111111151', '2004-05-10', 4);
insert into Student(student_id, student_name, student_gender, student_age, student_phone, student_birthdate, affiliate_class_id) values ('10042', '孙五十三', '男', 20, '111111152', '2004-06-11', 5);
insert into Student(student_id, student_name, student_gender, student_age, student_phone, student_birthdate, affiliate_class_id) values ('10043', '周五十四', '女', 20, '111111153', '2004-07-12', 5);
insert into Student(student_id, student_name, student_gender, student_age, student_phone, student_birthdate, affiliate_class_id) values ('10044', '吴五十五', '男', 20, '111111154', '2004-08-13', 5);
insert into Student(student_id, student_name, student_gender, student_age, student_phone, student_birthdate, affiliate_class_id) values ('10045', '郑五十六', '女', 20, '111111155', '2004-09-14', 5);
insert into Student(student_id, student_name, student_gender, student_age, student_phone, student_birthdate, affiliate_class_id) values ('10046', '王五十七', '男', 20, '111111156', '2004-10-15', 5);
insert into Student(student_id, student_name, student_gender, student_age, student_phone, student_birthdate, affiliate_class_id) values ('10047', '冯五十八', '女', 20, '111111157', '2004-11-16', 5);
insert into Student(student_id, student_name, student_gender, student_age, student_phone, student_birthdate, affiliate_class_id) values ('10048', '陈五十九', '男', 20, '111111158', '2004-12-17', 5);
insert into Student(student_id, student_name, student_gender, student_age, student_phone, student_birthdate, affiliate_class_id) values ('10049', '褚六十', '女', 20, '111111159', '2005-01-18', 5);
insert into Student(student_id, student_name, student_gender, student_age, student_phone, student_birthdate, affiliate_class_id) values ('10050', '卫六一', '男', 20, '111111160', '2005-02-19', 5);
insert into Student(student_id, student_name, student_gender, student_age, student_phone, student_birthdate, affiliate_class_id) values ('10051', '蒋六十二', '女', 20, '111111161', '2005-03-20', 5);
insert into Student(student_id, student_name, student_gender, student_age, student_phone, student_birthdate, affiliate_class_id) values ('10052', '沈六十三', '男', 20, '111111162', '2005-04-21', 6);
insert into Student(student_id, student_name, student_gender, student_age, student_phone, student_birthdate, affiliate_class_id) values ('10053', '韩六十四', '女', 20, '111111163', '2005-05-22', 6);
insert into Student(student_id, student_name, student_gender, student_age, student_phone, student_birthdate, affiliate_class_id) values ('10054', '杨六十五', '男', 20, '111111164', '2005-06-23', 6);
insert into Student(student_id, student_name, student_gender, student_age, student_phone, student_birthdate, affiliate_class_id) values ('10055', '朱六十六', '女', 20, '111111165', '2005-07-24', 6);
insert into Student(student_id, student_name, student_gender, student_age, student_phone, student_birthdate, affiliate_class_id) values ('10056', '秦六十七', '男', 20, '111111166', '2005-08-25', 6);
insert into Student(student_id, student_name, student_gender, student_age, student_phone, student_birthdate, affiliate_class_id) values ('10057', '尤六十八', '女', 20, '111111167', '2005-09-26', 6);
insert into Student(student_id, student_name, student_gender, student_age, student_phone, student_birthdate, affiliate_class_id) values ('10058', '许六十九', '男', 20, '111111168', '2005-10-27', 6);
insert into Student(student_id, student_name, student_gender, student_age, student_phone, student_birthdate, affiliate_class_id) values ('10059', '何七十', '女', 20, '111111169', '2005-11-28', 6);
insert into Student(student_id, student_name, student_gender, student_age, student_phone, student_birthdate, affiliate_class_id) values ('10060', '吕七十一', '男', 20, '111111170', '2005-12-29', 6);
insert into Student(student_id, student_name, student_gender, student_age, student_phone, student_birthdate, affiliate_class_id) values ('10061', '施七十二', '女', 20, '111111171', '2006-01-30', 6);
insert into Student(student_id, student_name, student_gender, student_age, student_phone, student_birthdate, affiliate_class_id) values ('10062', '赵七十三', '男', 20, '111111172', '2006-02-01', 7);
insert into Student(student_id, student_name, student_gender, student_age, student_phone, student_birthdate, affiliate_class_id) values ('10063', '钱七十四', '女', 20, '111111173', '2006-03-02', 7);
insert into Student(student_id, student_name, student_gender, student_age, student_phone, student_birthdate, affiliate_class_id) values ('10064', '孙七十五', '男', 20, '111111174', '2006-04-03', 7);
insert into Student(student_id, student_name, student_gender, student_age, student_phone, student_birthdate, affiliate_class_id) values ('10065', '李七十六', '女', 20, '111111175', '2006-05-04', 7);
insert into Student(student_id, student_name, student_gender, student_age, student_phone, student_birthdate, affiliate_class_id) values ('10066', '周七十七', '男', 20, '111111176', '2006-06-05', 7);
insert into Student(student_id, student_name, student_gender, student_age, student_phone, student_birthdate, affiliate_class_id) values ('10067', '吴七十八', '女', 20, '111111177', '2006-07-06', 7);
insert into Student(student_id, student_name, student_gender, student_age, student_phone, student_birthdate, affiliate_class_id) values ('10068', '郑七十九', '男', 20, '111111178', '2006-08-07', 7);
insert into Student(student_id, student_name, student_gender, student_age, student_phone, student_birthdate, affiliate_class_id) values ('10069', '王八十', '女', 20, '111111179', '2006-09-08', 7);
insert into Student(student_id, student_name, student_gender, student_age, student_phone, student_birthdate, affiliate_class_id) values ('10070', '冯八十一', '男', 20, '111111180', '2006-10-09', 7);
insert into Student(student_id, student_name, student_gender, student_age, student_phone, student_birthdate, affiliate_class_id) values ('10071', '陈八十二', '女', 20, '111111181', '2006-11-10', 7);
insert into Student(student_id, student_name, student_gender, student_age, student_phone, student_birthdate, affiliate_class_id) values ('10072', '褚八十三', '男', 20, '111111182', '2006-12-11', 8);
insert into Student(student_id, student_name, student_gender, student_age, student_phone, student_birthdate, affiliate_class_id) values ('10073', '卫八十四', '女', 20, '111111183', '2007-01-12', 8);
insert into Student(student_id, student_name, student_gender, student_age, student_phone, student_birthdate, affiliate_class_id) values ('10074', '蒋八十五', '男', 20, '111111184', '2007-02-13', 8);
insert into Student(student_id, student_name, student_gender, student_age, student_phone, student_birthdate, affiliate_class_id) values ('10075', '沈八十六', '女', 20, '111111185', '2007-03-14', 8);
insert into Student(student_id, student_name, student_gender, student_age, student_phone, student_birthdate, affiliate_class_id) values ('10076', '韩八十七', '男', 20, '111111186', '2007-04-15', 8);
insert into Student(student_id, student_name, student_gender, student_age, student_phone, student_birthdate, affiliate_class_id) values ('10077', '杨八十八', '女', 20, '111111187', '2007-05-16', 8);
insert into Student(student_id, student_name, student_gender, student_age, student_phone, student_birthdate, affiliate_class_id) values ('10078', '朱八十九', '男', 20, '111111188', '2007-06-17', 8);
insert into Student(student_id, student_name, student_gender, student_age, student_phone, student_birthdate, affiliate_class_id) values ('10079', '秦九十', '女', 20, '111111189', '2007-07-18', 8);
insert into Student(student_id, student_name, student_gender, student_age, student_phone, student_birthdate, affiliate_class_id) values ('10080', '尤九十一', '男', 20, '111111190', '2007-08-19', 8);
insert into Student(student_id, student_name, student_gender, student_age, student_phone, student_birthdate, affiliate_class_id) values ('10081', '许九十二', '女', 20, '111111191', '2007-09-20', 8);
insert into Student(student_id, student_name, student_gender, student_age, student_phone, student_birthdate, affiliate_class_id) values ('10082', '何九十三', '男', 20, '111111192', '2007-10-21', 9);
insert into Student(student_id, student_name, student_gender, student_age, student_phone, student_birthdate, affiliate_class_id) values ('10083', '吕九十四', '女', 20, '111111193', '2007-11-22', 9);
insert into Student(student_id, student_name, student_gender, student_age, student_phone, student_birthdate, affiliate_class_id) values ('10084', '施九十五', '男', 20, '111111194', '2007-12-23', 9);
insert into Student(student_id, student_name, student_gender, student_age, student_phone, student_birthdate, affiliate_class_id) values ('10085', '柳九十六', '女', 20, '111111195', '2008-01-24', 9);
insert into Student(student_id, student_name, student_gender, student_age, student_phone, student_birthdate, affiliate_class_id) values ('10086', '冯九十七', '男', 20, '111111196', '2008-02-25', 9);
insert into Student(student_id, student_name, student_gender, student_age, student_phone, student_birthdate, affiliate_class_id) values ('10087', '沈九十八', '女', 20, '111111197', '2008-03-26', 9);
insert into Student(student_id, student_name, student_gender, student_age, student_phone, student_birthdate, affiliate_class_id) values ('10088', '陆九十九', '男', 20, '111111198', '2008-04-27', 9);
insert into Student(student_id, student_name, student_gender, student_age, student_phone, student_birthdate, affiliate_class_id) values ('10089', '孔一百', '女', 20, '111111199', '2008-05-28', 9);
insert into Student(student_id, student_name, student_gender, student_age, student_phone, student_birthdate, affiliate_class_id) values ('10090', '赵一百零一', '男', 20, '111111200', '2008-06-29', 9);
insert into Student(student_id, student_name, student_gender, student_age, student_phone, student_birthdate, affiliate_class_id) values ('10091', '王一百零二', '女', 20, '111111201', '2008-07-30', 9);
insert into Student(student_id, student_name, student_gender, student_age, student_phone, student_birthdate, affiliate_class_id) values ('10092', '李一百零三', '男', 20, '111111202', '2008-08-31', 10);
insert into Student(student_id, student_name, student_gender, student_age, student_phone, student_birthdate, affiliate_class_id) values ('10093', '张一百零四', '女', 20, '111111203', '2008-09-01', 10);
insert into Student(student_id, student_name, student_gender, student_age, student_phone, student_birthdate, affiliate_class_id) values ('10094', '刘一百零五', '男', 20, '111111204', '2008-10-02', 10);
insert into Student(student_id, student_name, student_gender, student_age, student_phone, student_birthdate, affiliate_class_id) values ('10095', '赵一百零六', '女', 20, '111111205', '2008-11-03', 10);
insert into Student(student_id, student_name, student_gender, student_age, student_phone, student_birthdate, affiliate_class_id) values ('10096', '王一百零七', '男', 20, '111111206', '2008-12-04', 10);
insert into Student(student_id, student_name, student_gender, student_age, student_phone, student_birthdate, affiliate_class_id) values ('10097', '吴一百零八', '女', 20, '111111207', '2009-01-05', 10);
insert into Student(student_id, student_name, student_gender, student_age, student_phone, student_birthdate, affiliate_class_id) values ('10098', '郑一百零九', '男', 20, '111111208', '2009-02-06', 10);
insert into Student(student_id, student_name, student_gender, student_age, student_phone, student_birthdate, affiliate_class_id) values ('10099', '周一百一十', '女', 20, '111111209', '2009-03-07', 10);
insert into Student(student_id, student_name, student_gender, student_age, student_phone, student_birthdate, affiliate_class_id) values ('10100', '徐一百一十一', '男', 20, '111111210', '2009-04-08', 10);





insert into teaching(teacher_id, course_id, teaching_type) values ('50001', 1, '线下教学');
insert into teaching(teacher_id, course_id, teaching_type) values ('50002', 2, '线上教学');
insert into teaching(teacher_id, course_id, teaching_type) values ('50003', 3, '实验课');
insert into teaching(teacher_id, course_id, teaching_type) values ('50004', 4, '线上教学');
insert into teaching(teacher_id, course_id, teaching_type) values ('50005', 5, '线下教学');
insert into teaching(teacher_id, course_id, teaching_type) values ('50006', 6, '实验课');
insert into teaching(teacher_id, course_id, teaching_type) values ('50007', 7, '线下教学');
insert into teaching(teacher_id, course_id, teaching_type) values ('50008', 8, '线上教学');
insert into teaching(teacher_id, course_id, teaching_type) values ('50009', 9, '实验课');
insert into teaching(teacher_id, course_id, teaching_type) values ('50010', 10, '线上教学');
insert into teaching(teacher_id, course_id, teaching_type) values ('50011', 11, '线下教学');
insert into teaching(teacher_id, course_id, teaching_type) values ('50012', 12, '线上教学');
insert into teaching(teacher_id, course_id, teaching_type) values ('50013', 13, '实验课');
insert into teaching(teacher_id, course_id, teaching_type) values ('50014', 14, '线上教学');
insert into teaching(teacher_id, course_id, teaching_type) values ('50015', 15, '线下教学');
insert into teaching(teacher_id, course_id, teaching_type) values ('50016', 16, '实验课');
insert into teaching(teacher_id, course_id, teaching_type) values ('50017', 17, '线下教学');
insert into teaching(teacher_id, course_id, teaching_type) values ('50018', 18, '线上教学');
insert into teaching(teacher_id, course_id, teaching_type) values ('50019', 19, '实验课');
insert into teaching(teacher_id, course_id, teaching_type) values ('50020', 20, '线上教学');
insert into teaching(teacher_id, course_id, teaching_type) values ('50021', 21, '线下教学');
insert into teaching(teacher_id, course_id, teaching_type) values ('50022', 22, '线上教学');
insert into teaching(teacher_id, course_id, teaching_type) values ('50023', 23, '实验课');
insert into teaching(teacher_id, course_id, teaching_type) values ('50024', 24, '线上教学');
insert into teaching(teacher_id, course_id, teaching_type) values ('50025', 25, '线下教学');
insert into teaching(teacher_id, course_id, teaching_type) values ('50026', 26, '实验课');
insert into teaching(teacher_id, course_id, teaching_type) values ('50027', 27, '线下教学');
insert into teaching(teacher_id, course_id, teaching_type) values ('50028', 28, '线上教学');
insert into teaching(teacher_id, course_id, teaching_type) values ('50029', 29, '实验课');
insert into teaching(teacher_id, course_id, teaching_type) values ('50030', 30, '线上教学');
insert into teaching(teacher_id, course_id, teaching_type) values ('50031', 31, '线下教学');
insert into teaching(teacher_id, course_id, teaching_type) values ('50032', 32, '线上教学');
insert into teaching(teacher_id, course_id, teaching_type) values ('50033', 33, '实验课');
insert into teaching(teacher_id, course_id, teaching_type) values ('50034', 34, '线上教学');
insert into teaching(teacher_id, course_id, teaching_type) values ('50035', 35, '线下教学');
insert into teaching(teacher_id, course_id, teaching_type) values ('50036', 36, '实验课');
insert into teaching(teacher_id, course_id, teaching_type) values ('50037', 37, '线下教学');
insert into teaching(teacher_id, course_id, teaching_type) values ('50038', 38, '线上教学');
insert into teaching(teacher_id, course_id, teaching_type) values ('50039', 39, '实验课');
insert into teaching(teacher_id, course_id, teaching_type) values ('50040', 40, '线上教学');
insert into teaching(teacher_id, course_id, teaching_type) values ('50001', 41, '线下教学');
insert into teaching(teacher_id, course_id, teaching_type) values ('50002', 42, '线上教学');
insert into teaching(teacher_id, course_id, teaching_type) values ('50003', 43, '实验课');
insert into teaching(teacher_id, course_id, teaching_type) values ('50004', 44, '线上教学');
insert into teaching(teacher_id, course_id, teaching_type) values ('50005', 45, '线下教学');
insert into teaching(teacher_id, course_id, teaching_type) values ('50006', 46, '实验课');
insert into teaching(teacher_id, course_id, teaching_type) values ('50007', 47, '线下教学');
insert into teaching(teacher_id, course_id, teaching_type) values ('50008', 48, '线上教学');
insert into teaching(teacher_id, course_id, teaching_type) values ('50009', 49, '实验课');
insert into teaching(teacher_id, course_id, teaching_type) values ('50010', 50, '线上教学');
insert into teaching(teacher_id, course_id, teaching_type) values ('50011', 51, '线下教学');
insert into teaching(teacher_id, course_id, teaching_type) values ('50012', 52, '线上教学');
insert into teaching(teacher_id, course_id, teaching_type) values ('50013', 53, '实验课');
insert into teaching(teacher_id, course_id, teaching_type) values ('50014', 54, '线上教学');
insert into teaching(teacher_id, course_id, teaching_type) values ('50015', 55, '线下教学');
insert into teaching(teacher_id, course_id, teaching_type) values ('50016', 56, '实验课');
insert into teaching(teacher_id, course_id, teaching_type) values ('50017', 57, '线下教学');
insert into teaching(teacher_id, course_id, teaching_type) values ('50018', 58, '线上教学');
insert into teaching(teacher_id, course_id, teaching_type) values ('50019', 59, '实验课');
insert into teaching(teacher_id, course_id, teaching_type) values ('50020', 60, '线上教学');
insert into teaching(teacher_id, course_id, teaching_type) values ('50021', 61, '线下教学');
insert into teaching(teacher_id, course_id, teaching_type) values ('50022', 62, '线上教学');
insert into teaching(teacher_id, course_id, teaching_type) values ('50023', 63, '实验课');
insert into teaching(teacher_id, course_id, teaching_type) values ('50024', 1, '线下教学');
insert into teaching(teacher_id, course_id, teaching_type) values ('50025', 2, '线上教学');
insert into teaching(teacher_id, course_id, teaching_type) values ('50026', 3, '实验课');
insert into teaching(teacher_id, course_id, teaching_type) values ('50027', 4, '线上教学');
insert into teaching(teacher_id, course_id, teaching_type) values ('50028', 5, '线下教学');
insert into teaching(teacher_id, course_id, teaching_type) values ('50029', 6, '实验课');
insert into teaching(teacher_id, course_id, teaching_type) values ('50030', 7, '线下教学');
insert into teaching(teacher_id, course_id, teaching_type) values ('50031', 8, '线上教学');
insert into teaching(teacher_id, course_id, teaching_type) values ('50032', 9, '实验课');
insert into teaching(teacher_id, course_id, teaching_type) values ('50033', 10, '线上教学');
insert into teaching(teacher_id, course_id, teaching_type) values ('50034', 11, '线下教学');
insert into teaching(teacher_id, course_id, teaching_type) values ('50035', 12, '线上教学');
insert into teaching(teacher_id, course_id, teaching_type) values ('50036', 13, '实验课');
insert into teaching(teacher_id, course_id, teaching_type) values ('50037', 14, '线上教学');
insert into teaching(teacher_id, course_id, teaching_type) values ('50038', 15, '线下教学');
insert into teaching(teacher_id, course_id, teaching_type) values ('50039', 16, '实验课');
insert into teaching(teacher_id, course_id, teaching_type) values ('50040', 17, '线下教学');
insert into teaching(teacher_id, course_id, teaching_type) values ('50001', 18, '线上教学');
insert into teaching(teacher_id, course_id, teaching_type) values ('50002', 19, '实验课');
insert into teaching(teacher_id, course_id, teaching_type) values ('50003', 20, '线上教学');
insert into teaching(teacher_id, course_id, teaching_type) values ('50004', 21, '线下教学');
insert into teaching(teacher_id, course_id, teaching_type) values ('50005', 22, '线上教学');
insert into teaching(teacher_id, course_id, teaching_type) values ('50006', 23, '实验课');
insert into teaching(teacher_id, course_id, teaching_type) values ('50007', 24, '线上教学');
insert into teaching(teacher_id, course_id, teaching_type) values ('50008', 25, '线下教学');
insert into teaching(teacher_id, course_id, teaching_type) values ('50009', 26, '实验课');
insert into teaching(teacher_id, course_id, teaching_type) values ('50010', 27, '线下教学');
insert into teaching(teacher_id, course_id, teaching_type) values ('50011', 28, '线上教学');
insert into teaching(teacher_id, course_id, teaching_type) values ('50012', 29, '实验课');
insert into teaching(teacher_id, course_id, teaching_type) values ('50013', 30, '线上教学');
insert into teaching(teacher_id, course_id, teaching_type) values ('50014', 31, '线下教学');
insert into teaching(teacher_id, course_id, teaching_type) values ('50015', 32, '线上教学');
insert into teaching(teacher_id, course_id, teaching_type) values ('50016', 33, '实验课');
insert into teaching(teacher_id, course_id, teaching_type) values ('50017', 34, '线上教学');
insert into teaching(teacher_id, course_id, teaching_type) values ('50018', 35, '线下教学');
insert into teaching(teacher_id, course_id, teaching_type) values ('50019', 36, '实验课');
insert into teaching(teacher_id, course_id, teaching_type) values ('50020', 37, '线下教学');
insert into teaching(teacher_id, course_id, teaching_type) values ('50021', 38, '线上教学');
insert into teaching(teacher_id, course_id, teaching_type) values ('50022', 39, '实验课');
insert into teaching(teacher_id, course_id, teaching_type) values ('50023', 40, '线上教学');
insert into teaching(teacher_id, course_id, teaching_type) values ('50024', 41, '线下教学');
insert into teaching(teacher_id, course_id, teaching_type) values ('50025', 42, '线上教学');
insert into teaching(teacher_id, course_id, teaching_type) values ('50026', 43, '实验课');
insert into teaching(teacher_id, course_id, teaching_type) values ('50027', 44, '线上教学');
insert into teaching(teacher_id, course_id, teaching_type) values ('50028', 45, '线下教学');
insert into teaching(teacher_id, course_id, teaching_type) values ('50029', 46, '实验课');
insert into teaching(teacher_id, course_id, teaching_type) values ('50030', 47, '线下教学');
insert into teaching(teacher_id, course_id, teaching_type) values ('50031', 48, '线上教学');
insert into teaching(teacher_id, course_id, teaching_type) values ('50032', 49, '实验课');
insert into teaching(teacher_id, course_id, teaching_type) values ('50033', 50, '线上教学');
insert into teaching(teacher_id, course_id, teaching_type) values ('50034', 51, '线下教学');
insert into teaching(teacher_id, course_id, teaching_type) values ('50035', 52, '线上教学');
insert into teaching(teacher_id, course_id, teaching_type) values ('50036', 53, '实验课');
insert into teaching(teacher_id, course_id, teaching_type) values ('50037', 54, '线上教学');
insert into teaching(teacher_id, course_id, teaching_type) values ('50038', 55, '线下教学');
insert into teaching(teacher_id, course_id, teaching_type) values ('50039', 56, '实验课');
insert into teaching(teacher_id, course_id, teaching_type) values ('50040', 57, '线下教学');




insert into learning(student_id, course_id, learning_type, score) values ('10001', 1, '选修课', -1);
insert into learning(student_id, course_id, learning_type, score) values ('10002', 1, '选修课', -1);
insert into learning(student_id, course_id, learning_type, score) values ('10003', 1, '选修课', -1);
insert into learning(student_id, course_id, learning_type, score) values ('10004', 1, '选修课', -1);
insert into learning(student_id, course_id, learning_type, score) values ('10005', 1, '选修课', -1);
insert into learning(student_id, course_id, learning_type, score) values ('10006', 1, '选修课', -1);
insert into learning(student_id, course_id, learning_type, score) values ('10007', 1, '选修课', -1);
insert into learning(student_id, course_id, learning_type, score) values ('10008', 1, '选修课', -1);
insert into learning(student_id, course_id, learning_type, score) values ('10009', 1, '选修课', -1);
insert into learning(student_id, course_id, learning_type, score) values ('10010', 1, '选修课', -1);
insert into learning(student_id, course_id, learning_type, score) values ('10021', 1, '选修课', -1);
insert into learning(student_id, course_id, learning_type, score) values ('10022', 1, '选修课', -1);
insert into learning(student_id, course_id, learning_type, score) values ('10023', 1, '选修课', -1);
insert into learning(student_id, course_id, learning_type, score) values ('10024', 1, '选修课', -1);
insert into learning(student_id, course_id, learning_type, score) values ('10025', 1, '选修课', -1);
insert into learning(student_id, course_id, learning_type, score) values ('10026', 1, '选修课', -1);
insert into learning(student_id, course_id, learning_type, score) values ('10027', 1, '选修课', -1);
insert into learning(student_id, course_id, learning_type, score) values ('10028', 1, '选修课', -1);
insert into learning(student_id, course_id, learning_type, score) values ('10029', 1, '选修课', -1);
insert into learning(student_id, course_id, learning_type, score) values ('10030', 1, '选修课', -1);
insert into learning(student_id, course_id, learning_type, score) values ('10011', 2, '必修课', 93);
insert into learning(student_id, course_id, learning_type, score) values ('10012', 2, '必修课', 85);
insert into learning(student_id, course_id, learning_type, score) values ('10013', 2, '必修课', 65);
insert into learning(student_id, course_id, learning_type, score) values ('10014', 2, '必修课', 80);
insert into learning(student_id, course_id, learning_type, score) values ('10015', 2, '必修课', 96);
insert into learning(student_id, course_id, learning_type, score) values ('10016', 2, '必修课', 88);
insert into learning(student_id, course_id, learning_type, score) values ('10017', 2, '必修课', 73);
insert into learning(student_id, course_id, learning_type, score) values ('10018', 2, '必修课', 85);
insert into learning(student_id, course_id, learning_type, score) values ('10019', 2, '必修课', 95);
insert into learning(student_id, course_id, learning_type, score) values ('10020', 2, '必修课', 80);
insert into learning(student_id, course_id, learning_type, score) values ('10021', 3, '选修课', 53);
insert into learning(student_id, course_id, learning_type, score) values ('10022', 3, '选修课', 85);
insert into learning(student_id, course_id, learning_type, score) values ('10023', 3, '选修课', 95);
insert into learning(student_id, course_id, learning_type, score) values ('10024', 3, '选修课', 80);
insert into learning(student_id, course_id, learning_type, score) values ('10025', 3, '选修课', 56);
insert into learning(student_id, course_id, learning_type, score) values ('10026', 3, '选修课', 88);
insert into learning(student_id, course_id, learning_type, score) values ('10027', 3, '选修课', 90);
insert into learning(student_id, course_id, learning_type, score) values ('10028', 3, '选修课', 85);
insert into learning(student_id, course_id, learning_type, score) values ('10029', 3, '选修课', 55);
insert into learning(student_id, course_id, learning_type, score) values ('10030', 3, '选修课', 80);
insert into learning(student_id, course_id, learning_type, score) values ('10031', 4, '必修课', 88);
insert into learning(student_id, course_id, learning_type, score) values ('10032', 4, '必修课', 51);
insert into learning(student_id, course_id, learning_type, score) values ('10033', 4, '必修课', 93);
insert into learning(student_id, course_id, learning_type, score) values ('10034', 4, '必修课', 87);
insert into learning(student_id, course_id, learning_type, score) values ('10035', 4, '必修课', 96);
insert into learning(student_id, course_id, learning_type, score) values ('10036', 4, '必修课', 59);
insert into learning(student_id, course_id, learning_type, score) values ('10037', 4, '必修课', 84);
insert into learning(student_id, course_id, learning_type, score) values ('10038', 4, '必修课', 82);
insert into learning(student_id, course_id, learning_type, score) values ('10039', 4, '必修课', 94);
insert into learning(student_id, course_id, learning_type, score) values ('10040', 4, '必修课', 60);
insert into learning(student_id, course_id, learning_type, score) values ('10041', 5, '选修课', 86);
insert into learning(student_id, course_id, learning_type, score) values ('10042', 5, '选修课', 83);
insert into learning(student_id, course_id, learning_type, score) values ('10043', 5, '选修课', 81);
insert into learning(student_id, course_id, learning_type, score) values ('10044', 5, '选修课', 47);
insert into learning(student_id, course_id, learning_type, score) values ('10045', 5, '选修课', 85);
insert into learning(student_id, course_id, learning_type, score) values ('10046', 5, '选修课', 88);
insert into learning(student_id, course_id, learning_type, score) values ('10047', 5, '选修课', 56);
insert into learning(student_id, course_id, learning_type, score) values ('10048', 5, '选修课', 93);
insert into learning(student_id, course_id, learning_type, score) values ('10049', 5, '选修课', 91);
insert into learning(student_id, course_id, learning_type, score) values ('10050', 5, '选修课', 89);
insert into learning(student_id, course_id, learning_type, score) values ('10051', 6, '必修课', 57);
insert into learning(student_id, course_id, learning_type, score) values ('10052', 6, '必修课', 90);
insert into learning(student_id, course_id, learning_type, score) values ('10053', 6, '必修课', 94);
insert into learning(student_id, course_id, learning_type, score) values ('10054', 6, '必修课', 82);
insert into learning(student_id, course_id, learning_type, score) values ('10055', 6, '必修课', 46);
insert into learning(student_id, course_id, learning_type, score) values ('10056', 6, '必修课', 91);
insert into learning(student_id, course_id, learning_type, score) values ('10057', 6, '必修课', 83);
insert into learning(student_id, course_id, learning_type, score) values ('10058', 6, '必修课', 55);
insert into learning(student_id, course_id, learning_type, score) values ('10059', 6, '必修课', 88);
insert into learning(student_id, course_id, learning_type, score) values ('10060', 6, '必修课', 84);
insert into learning(student_id, course_id, learning_type, score) values ('10061', 7, '选修课', 93);
insert into learning(student_id, course_id, learning_type, score) values ('10062', 7, '选修课', 89);
insert into learning(student_id, course_id, learning_type, score) values ('10063', 7, '选修课', 46);
insert into learning(student_id, course_id, learning_type, score) values ('10064', 7, '选修课', 90);
insert into learning(student_id, course_id, learning_type, score) values ('10065', 7, '选修课', 88);
insert into learning(student_id, course_id, learning_type, score) values ('10066', 7, '选修课', 88);
insert into learning(student_id, course_id, learning_type, score) values ('10067', 7, '选修课', 91);
insert into learning(student_id, course_id, learning_type, score) values ('10068', 7, '选修课', 67);
insert into learning(student_id, course_id, learning_type, score) values ('10069', 7, '选修课', 94);
insert into learning(student_id, course_id, learning_type, score) values ('10070', 7, '选修课', 83);
insert into learning(student_id, course_id, learning_type, score) values ('10071', 8, '选修课', 90);
insert into learning(student_id, course_id, learning_type, score) values ('10072', 8, '选修课', 28);
insert into learning(student_id, course_id, learning_type, score) values ('10073', 8, '选修课', 95);
insert into learning(student_id, course_id, learning_type, score) values ('10074', 8, '选修课', 80);
insert into learning(student_id, course_id, learning_type, score) values ('10075', 8, '选修课', 92);
insert into learning(student_id, course_id, learning_type, score) values ('10076', 8, '选修课', 68);
insert into learning(student_id, course_id, learning_type, score) values ('10077', 8, '选修课', 90);
insert into learning(student_id, course_id, learning_type, score) values ('10078', 8, '选修课', 88);
insert into learning(student_id, course_id, learning_type, score) values ('10079', 8, '选修课', 95);
insert into learning(student_id, course_id, learning_type, score) values ('10080', 8, '选修课', 30);
insert into learning(student_id, course_id, learning_type, score) values ('10081', 9, '必修课', 90);
insert into learning(student_id, course_id, learning_type, score) values ('10082', 9, '必修课', 88);
insert into learning(student_id, course_id, learning_type, score) values ('10083', 9, '必修课', 55);
insert into learning(student_id, course_id, learning_type, score) values ('10084', 9, '必修课', 80);
insert into learning(student_id, course_id, learning_type, score) values ('10085', 9, '必修课', 92);
insert into learning(student_id, course_id, learning_type, score) values ('10086', 9, '必修课', 88);
insert into learning(student_id, course_id, learning_type, score) values ('10087', 9, '必修课', 90);
insert into learning(student_id, course_id, learning_type, score) values ('10088', 9, '必修课', 35);
insert into learning(student_id, course_id, learning_type, score) values ('10089', 9, '必修课', 95);
insert into learning(student_id, course_id, learning_type, score) values ('10090', 9, '必修课', 80);
insert into learning(student_id, course_id, learning_type, score) values ('10091', 10, '选修课', 90);
insert into learning(student_id, course_id, learning_type, score) values ('10092', 10, '选修课',48);
insert into learning(student_id, course_id, learning_type, score) values ('10093', 10, '选修课', 95);
insert into learning(student_id, course_id, learning_type, score) values ('10094', 10, '选修课', 80);
insert into learning(student_id, course_id, learning_type, score) values ('10095', 10, '选修课', 92);
insert into learning(student_id, course_id, learning_type, score) values ('10096', 10, '选修课', 88);
insert into learning(student_id, course_id, learning_type, score) values ('10097', 10, '选修课', 60);
insert into learning(student_id, course_id, learning_type, score) values ('10098', 10, '选修课', 85);
insert into learning(student_id, course_id, learning_type, score) values ('10099', 10, '选修课', 95);
insert into learning(student_id, course_id, learning_type, score) values ('10100', 10, '选修课', 80);
insert into learning(student_id, course_id, learning_type, score) values ('10001', 11, '选修课', 93);
insert into learning(student_id, course_id, learning_type, score) values ('10002', 11, '选修课', 55);
insert into learning(student_id, course_id, learning_type, score) values ('10003', 11, '选修课', 95);
insert into learning(student_id, course_id, learning_type, score) values ('10004', 11, '选修课', 80);
insert into learning(student_id, course_id, learning_type, score) values ('10005', 11, '选修课', 96);
insert into learning(student_id, course_id, learning_type, score) values ('10006', 11, '选修课', 88);
insert into learning(student_id, course_id, learning_type, score) values ('10007', 11, '选修课', 43);
insert into learning(student_id, course_id, learning_type, score) values ('10008', 11, '选修课', 85);
insert into learning(student_id, course_id, learning_type, score) values ('10009', 11, '选修课', 95);
insert into learning(student_id, course_id, learning_type, score) values ('10010', 11, '选修课', 80);
insert into learning(student_id, course_id, learning_type, score) values ('10021', 12, '选修课', 53);
insert into learning(student_id, course_id, learning_type, score) values ('10022', 12, '选修课', 85);
insert into learning(student_id, course_id, learning_type, score) values ('10023', 12, '选修课', 95);
insert into learning(student_id, course_id, learning_type, score) values ('10024', 12, '选修课', 80);
insert into learning(student_id, course_id, learning_type, score) values ('10025', 12, '选修课', 96);
insert into learning(student_id, course_id, learning_type, score) values ('10026', 12, '选修课', 38);
insert into learning(student_id, course_id, learning_type, score) values ('10027', 12, '选修课', 90);
insert into learning(student_id, course_id, learning_type, score) values ('10028', 12, '选修课', 85);
insert into learning(student_id, course_id, learning_type, score) values ('10029', 12, '选修课', 95);
insert into learning(student_id, course_id, learning_type, score) values ('10030', 12, '选修课', 80);
insert into learning(student_id, course_id, learning_type, score) values ('10031', 13, '必修课', 48);
insert into learning(student_id, course_id, learning_type, score) values ('10032', 13, '必修课', 91);
insert into learning(student_id, course_id, learning_type, score) values ('10033', 13, '必修课', 93);
insert into learning(student_id, course_id, learning_type, score) values ('10034', 13, '必修课', 87);
insert into learning(student_id, course_id, learning_type, score) values ('10035', 13, '必修课', 96);
insert into learning(student_id, course_id, learning_type, score) values ('10036', 13, '必修课', 29);
insert into learning(student_id, course_id, learning_type, score) values ('10037', 13, '必修课', 84);
insert into learning(student_id, course_id, learning_type, score) values ('10038', 13, '必修课', 82);
insert into learning(student_id, course_id, learning_type, score) values ('10039', 13, '必修课', 94);
insert into learning(student_id, course_id, learning_type, score) values ('10040', 13, '必修课', 90);
insert into learning(student_id, course_id, learning_type, score) values ('10041', 14, '选修课', 86);
insert into learning(student_id, course_id, learning_type, score) values ('10042', 14, '选修课', 53);
insert into learning(student_id, course_id, learning_type, score) values ('10043', 14, '选修课', 81);
insert into learning(student_id, course_id, learning_type, score) values ('10044', 14, '选修课', 97);
insert into learning(student_id, course_id, learning_type, score) values ('10045', 14, '选修课', 14);
insert into learning(student_id, course_id, learning_type, score) values ('10046', 14, '选修课', 88);
insert into learning(student_id, course_id, learning_type, score) values ('10047', 14, '选修课', 96);
insert into learning(student_id, course_id, learning_type, score) values ('10048', 14, '选修课', 33);
insert into learning(student_id, course_id, learning_type, score) values ('10049', 14, '选修课', 91);
insert into learning(student_id, course_id, learning_type, score) values ('10050', 14, '选修课', 89);
insert into learning(student_id, course_id, learning_type, score) values ('10051', 15, '必修课', 87);
insert into learning(student_id, course_id, learning_type, score) values ('10052', 15, '必修课', 90);
insert into learning(student_id, course_id, learning_type, score) values ('10053', 15, '必修课', 94);
insert into learning(student_id, course_id, learning_type, score) values ('10054', 15, '必修课', 62);
insert into learning(student_id, course_id, learning_type, score) values ('10055', 15, '必修课', 86);
insert into learning(student_id, course_id, learning_type, score) values ('10056', 15, '必修课', 91);
insert into learning(student_id, course_id, learning_type, score) values ('10057', 15, '必修课', 83);
insert into learning(student_id, course_id, learning_type, score) values ('10058', 15, '必修课', 95);
insert into learning(student_id, course_id, learning_type, score) values ('10059', 15, '必修课', 88);
insert into learning(student_id, course_id, learning_type, score) values ('10060', 15, '必修课', 24);
insert into learning(student_id, course_id, learning_type, score) values ('10061', 16, '选修课', 93);
insert into learning(student_id, course_id, learning_type, score) values ('10062', 16, '选修课', 89);
insert into learning(student_id, course_id, learning_type, score) values ('10063', 16, '选修课', 96);
insert into learning(student_id, course_id, learning_type, score) values ('10064', 16, '选修课', 90);
insert into learning(student_id, course_id, learning_type, score) values ('10065', 16, '选修课', 58);
insert into learning(student_id, course_id, learning_type, score) values ('10066', 16, '选修课', 88);
insert into learning(student_id, course_id, learning_type, score) values ('10067', 16, '选修课', 91);
insert into learning(student_id, course_id, learning_type, score) values ('10068', 16, '选修课', 87);
insert into learning(student_id, course_id, learning_type, score) values ('10069', 16, '选修课', 94);
insert into learning(student_id, course_id, learning_type, score) values ('10070', 16, '选修课', 33);
insert into learning(student_id, course_id, learning_type, score) values ('10071', 18, '选修课', 90);
insert into learning(student_id, course_id, learning_type, score) values ('10072', 18, '选修课', 88);
insert into learning(student_id, course_id, learning_type, score) values ('10073', 18, '选修课', 95);
insert into learning(student_id, course_id, learning_type, score) values ('10074', 18, '选修课', 80);
insert into learning(student_id, course_id, learning_type, score) values ('10075', 18, '选修课', 62);
insert into learning(student_id, course_id, learning_type, score) values ('10076', 18, '选修课', 88);
insert into learning(student_id, course_id, learning_type, score) values ('10077', 18, '选修课', 90);
insert into learning(student_id, course_id, learning_type, score) values ('10078', 18, '选修课', 88);
insert into learning(student_id, course_id, learning_type, score) values ('10079', 18, '选修课', 95);
insert into learning(student_id, course_id, learning_type, score) values ('10080', 18, '选修课', 30);
insert into learning(student_id, course_id, learning_type, score) values ('10081', 19, '必修课', 90);
insert into learning(student_id, course_id, learning_type, score) values ('10082', 19, '必修课', 88);
insert into learning(student_id, course_id, learning_type, score) values ('10083', 19, '必修课', 95);
insert into learning(student_id, course_id, learning_type, score) values ('10084', 19, '必修课', 80);
insert into learning(student_id, course_id, learning_type, score) values ('10085', 19, '必修课', 62);
insert into learning(student_id, course_id, learning_type, score) values ('10086', 19, '必修课', 88);
insert into learning(student_id, course_id, learning_type, score) values ('10087', 19, '必修课', 90);
insert into learning(student_id, course_id, learning_type, score) values ('10088', 19, '必修课', 85);
insert into learning(student_id, course_id, learning_type, score) values ('10089', 19, '必修课', 35);
insert into learning(student_id, course_id, learning_type, score) values ('10090', 19, '必修课', 80);
insert into learning(student_id, course_id, learning_type, score) values ('10091', 20, '选修课', 90);
insert into learning(student_id, course_id, learning_type, score) values ('10092', 20, '选修课', 85);
insert into learning(student_id, course_id, learning_type, score) values ('10093', 20, '选修课', 95);
insert into learning(student_id, course_id, learning_type, score) values ('10094', 20, '选修课', 80);
insert into learning(student_id, course_id, learning_type, score) values ('10095', 20, '选修课', 62);
insert into learning(student_id, course_id, learning_type, score) values ('10096', 20, '选修课', 88);
insert into learning(student_id, course_id, learning_type, score) values ('10097', 20, '选修课', 90);
insert into learning(student_id, course_id, learning_type, score) values ('10098', 20, '选修课', 85);
insert into learning(student_id, course_id, learning_type, score) values ('10099', 20, '选修课', 35);
insert into learning(student_id, course_id, learning_type, score) values ('10100', 20, '选修课', 80);
insert into learning(student_id, course_id, learning_type, score) values ('10001', 21, '选修课', 93);
insert into learning(student_id, course_id, learning_type, score) values ('10002', 21, '选修课', 85);
insert into learning(student_id, course_id, learning_type, score) values ('10003', 21, '选修课', 95);
insert into learning(student_id, course_id, learning_type, score) values ('10004', 21, '选修课', 60);
insert into learning(student_id, course_id, learning_type, score) values ('10005', 21, '选修课', 96);
insert into learning(student_id, course_id, learning_type, score) values ('10006', 22, '选修课', 88);
insert into learning(student_id, course_id, learning_type, score) values ('10007', 22, '选修课', 93);
insert into learning(student_id, course_id, learning_type, score) values ('10008', 22, '选修课', 85);
insert into learning(student_id, course_id, learning_type, score) values ('10009', 22, '选修课', 35);
insert into learning(student_id, course_id, learning_type, score) values ('10010', 23, '选修课', 80);
insert into learning(student_id, course_id, learning_type, score) values ('10021', 23, '选修课', 93);
insert into learning(student_id, course_id, learning_type, score) values ('10022', 23, '选修课', 85);
insert into learning(student_id, course_id, learning_type, score) values ('10023', 23, '选修课', 95);
insert into learning(student_id, course_id, learning_type, score) values ('10024', 24, '选修课', 50);
insert into learning(student_id, course_id, learning_type, score) values ('10025', 24, '选修课', 96);
insert into learning(student_id, course_id, learning_type, score) values ('10026', 24, '选修课', 88);
insert into learning(student_id, course_id, learning_type, score) values ('10027', 25, '选修课', 90);
insert into learning(student_id, course_id, learning_type, score) values ('10028', 25, '选修课', 85);
insert into learning(student_id, course_id, learning_type, score) values ('10029', 25, '选修课', 95);
insert into learning(student_id, course_id, learning_type, score) values ('10030', 26, '必修课', 20);
insert into learning(student_id, course_id, learning_type, score) values ('10011', 26, '必修课', 93);
insert into learning(student_id, course_id, learning_type, score) values ('10012', 26, '必修课', 85);
insert into learning(student_id, course_id, learning_type, score) values ('10013', 27, '必修课', 95);
insert into learning(student_id, course_id, learning_type, score) values ('10014', 27, '必修课', 80);
insert into learning(student_id, course_id, learning_type, score) values ('10015', 27, '必修课', 46);
insert into learning(student_id, course_id, learning_type, score) values ('10016', 27, '必修课', 88);
insert into learning(student_id, course_id, learning_type, score) values ('10017', 28, '必修课', 93);
insert into learning(student_id, course_id, learning_type, score) values ('10018', 28, '必修课', 85);
insert into learning(student_id, course_id, learning_type, score) values ('10019', 28, '必修课', 95);
insert into learning(student_id, course_id, learning_type, score) values ('10020', 29, '选修课', 50);
insert into learning(student_id, course_id, learning_type, score) values ('10021', 29, '选修课', 93);
insert into learning(student_id, course_id, learning_type, score) values ('10022', 29, '选修课', 85);
insert into learning(student_id, course_id, learning_type, score) values ('10023', 30, '选修课', 95);
insert into learning(student_id, course_id, learning_type, score) values ('10024', 30, '选修课', 80);
insert into learning(student_id, course_id, learning_type, score) values ('10025', 30, '选修课', 76);
insert into learning(student_id, course_id, learning_type, score) values ('10026', 31, '选修课', 88);
insert into learning(student_id, course_id, learning_type, score) values ('10027', 31, '选修课', 90);
insert into learning(student_id, course_id, learning_type, score) values ('10028', 31, '选修课', 85);
insert into learning(student_id, course_id, learning_type, score) values ('10029', 32, '选修课', 95);
insert into learning(student_id, course_id, learning_type, score) values ('10030', 32, '选修课', 70);
insert into learning(student_id, course_id, learning_type, score) values ('10031', 33, '必修课', 88);
insert into learning(student_id, course_id, learning_type, score) values ('10032', 33, '必修课', 91);
insert into learning(student_id, course_id, learning_type, score) values ('10033', 34, '必修课', 93);
insert into learning(student_id, course_id, learning_type, score) values ('10034', 34, '必修课', 87);
insert into learning(student_id, course_id, learning_type, score) values ('10035', 35, '必修课', 76);
insert into learning(student_id, course_id, learning_type, score) values ('10036', 35, '必修课', 89);
insert into learning(student_id, course_id, learning_type, score) values ('10037', 36, '必修课', 84);
insert into learning(student_id, course_id, learning_type, score) values ('10038', 36, '必修课', 82);
insert into learning(student_id, course_id, learning_type, score) values ('10039', 37, '必修课', 94);
insert into learning(student_id, course_id, learning_type, score) values ('10040', 37, '必修课', 70);
insert into learning(student_id, course_id, learning_type, score) values ('10041', 38, '选修课', 86);
insert into learning(student_id, course_id, learning_type, score) values ('10042', 38, '选修课', 83);
insert into learning(student_id, course_id, learning_type, score) values ('10043', 39, '选修课', 81);
insert into learning(student_id, course_id, learning_type, score) values ('10044', 39, '选修课', 97);
insert into learning(student_id, course_id, learning_type, score) values ('10045', 40, '选修课', 85);
insert into learning(student_id, course_id, learning_type, score) values ('10046', 40, '选修课', 68);
insert into learning(student_id, course_id, learning_type, score) values ('10047', 41, '选修课', 96);
insert into learning(student_id, course_id, learning_type, score) values ('10048', 41, '选修课', 93);
insert into learning(student_id, course_id, learning_type, score) values ('10049', 42, '选修课', 91);
insert into learning(student_id, course_id, learning_type, score) values ('10050', 42, '选修课', 89);
insert into learning(student_id, course_id, learning_type, score) values ('10051', 43, '必修课', 77);
insert into learning(student_id, course_id, learning_type, score) values ('10052', 43, '必修课', 90);
insert into learning(student_id, course_id, learning_type, score) values ('10053', 44, '必修课', 94);
insert into learning(student_id, course_id, learning_type, score) values ('10054', 44, '必修课', 82);
insert into learning(student_id, course_id, learning_type, score) values ('10055', 45, '必修课', 86);
insert into learning(student_id, course_id, learning_type, score) values ('10056', 45, '必修课', 91);
insert into learning(student_id, course_id, learning_type, score) values ('10057', 46, '必修课', 63);
insert into learning(student_id, course_id, learning_type, score) values ('10058', 46, '必修课', 95);
insert into learning(student_id, course_id, learning_type, score) values ('10059', 47, '必修课', 88);
insert into learning(student_id, course_id, learning_type, score) values ('10060', 47, '必修课', 84);
insert into learning(student_id, course_id, learning_type, score) values ('10061', 48, '选修课', 93);
insert into learning(student_id, course_id, learning_type, score) values ('10062', 48, '选修课', 89);
insert into learning(student_id, course_id, learning_type, score) values ('10063', 49, '选修课', 66);
insert into learning(student_id, course_id, learning_type, score) values ('10064', 49, '选修课', 90);
insert into learning(student_id, course_id, learning_type, score) values ('10065', 50, '选修课', 88);
insert into learning(student_id, course_id, learning_type, score) values ('10066', 50, '选修课', 88);
insert into learning(student_id, course_id, learning_type, score) values ('10067', 51, '必修课', 91);
insert into learning(student_id, course_id, learning_type, score) values ('10068', 51, '必修课', 57);
insert into learning(student_id, course_id, learning_type, score) values ('10069', 52, '必修课', 94);
insert into learning(student_id, course_id, learning_type, score) values ('10070', 52, '必修课', 83);
insert into learning(student_id, course_id, learning_type, score) values ('10071', 53, '选修课', 90);
insert into learning(student_id, course_id, learning_type, score) values ('10072', 53, '选修课', 88);
insert into learning(student_id, course_id, learning_type, score) values ('10073', 54, '选修课', 65);
insert into learning(student_id, course_id, learning_type, score) values ('10074', 53, '选修课', 80);
insert into learning(student_id, course_id, learning_type, score) values ('10075', 54, '选修课', 92);
insert into learning(student_id, course_id, learning_type, score) values ('10076', 55, '选修课', 88);
insert into learning(student_id, course_id, learning_type, score) values ('10077', 55, '选修课', 90);
insert into learning(student_id, course_id, learning_type, score) values ('10078', 56, '选修课', 88);
insert into learning(student_id, course_id, learning_type, score) values ('10079', 56, '选修课', 95);
insert into learning(student_id, course_id, learning_type, score) values ('10080', 57, '选修课', 80);
insert into learning(student_id, course_id, learning_type, score) values ('10081', 58, '必修课', 50);
insert into learning(student_id, course_id, learning_type, score) values ('10082', 58, '必修课', 88);
insert into learning(student_id, course_id, learning_type, score) values ('10083', 59, '必修课', 95);
insert into learning(student_id, course_id, learning_type, score) values ('10084', 59, '必修课', 80);
insert into learning(student_id, course_id, learning_type, score) values ('10085', 60, '必修课', 92);
insert into learning(student_id, course_id, learning_type, score) values ('10086', 60, '必修课', 58);
insert into learning(student_id, course_id, learning_type, score) values ('10087', 61, '必修课', 90);
insert into learning(student_id, course_id, learning_type, score) values ('10088', 61, '必修课', 85);
insert into learning(student_id, course_id, learning_type, score) values ('10089', 62, '必修课', 95);
insert into learning(student_id, course_id, learning_type, score) values ('10090', 62, '必修课', 80);
insert into learning(student_id, course_id, learning_type, score) values ('10091', 63, '选修课', 90);
insert into learning(student_id, course_id, learning_type, score) values ('10092', 63, '选修课', 45);
insert into learning(student_id, course_id, learning_type, score) values ('10093', 63, '选修课', 95);
insert into learning(student_id, course_id, learning_type, score) values ('10094', 63, '选修课', 80);
insert into learning(student_id, course_id, learning_type, score) values ('10095', 63, '选修课', 92);
insert into learning(student_id, course_id, learning_type, score) values ('10096', 63, '选修课', 88);
insert into learning(student_id, course_id, learning_type, score) values ('10097', 55, '选修课', 90);
insert into learning(student_id, course_id, learning_type, score) values ('10098', 55, '选修课', 65);
insert into learning(student_id, course_id, learning_type, score) values ('10099', 55, '选修课', 95);
insert into learning(student_id, course_id, learning_type, score) values ('10100', 55, '选修课', 80);



insert into faculty(faculty_id, faculty_name) values (-1, '该学院不存在');
insert into taro(taro_id, taro_name, affiliate_faculty_id) values (-1, '该教研室不存在', -1);
insert into major(major_id, major_name, affiliate_faculty_id) values (-1, '该专业不存在', -1);
insert into class(class_id, class_name, affiliate_major_id) values (-1, '该班级不存在', -1);
insert into teacher(teacher_id, teacher_name, teacher_gender, teacher_age,teacher_title, affiliate_taro_id) values ('-1', '该教师不存在', '', 0, '', -1);


